|http://www.hq.nasa.gov/office/pao/History/alsj/a11/ap11-KSC-69PC-399.jpg|
|https://www.hq.nasa.gov/alsj/a11/ap11-69-HC-339.jpg|
|https://history.nasa.gov/afj/ap11fj/pics/f-1_small.jpg|https://history.nasa.gov/afj/ap11fj/pics/f-1_big.jpg
|https://history.nasa.gov/afj/ap11fj/pics/buildup.jpg|
|https://history.nasa.gov/alsj/a11/ap11-KSC-69PC-443.jpg|https://history.nasa.gov/alsj/a11/ap11-KSC-69PC-443HR.jpg
|https://history.nasa.gov/alsj/a11/ap11-S69-39525.jpg|https://history.nasa.gov/alsj/a11/ap11-S69-39525HR.jpg
000:00:00|https://history.nasa.gov/alsj/a11/ap11-KSC-69PC-442.jpg|https://history.nasa.gov/alsj/a11/ap11-KSC-69PC-442HR.jpg
000:00:00|https://history.nasa.gov/afj/ap11fj/photos/ground/ap11-s69-40640.jpg|https://history.nasa.gov/afj/ap11fj/photos/ground/ap11-s69-40640hr.jpg
000:00:34|https://history.nasa.gov/alsj/a11/ap11-KSC-69PC-387.jpg|
000:01:06|https://history.nasa.gov/alsj/a11/ap11-KSC-69PC-397.jpg|https://history.nasa.gov/alsj/a11/ap11-KSC-69PC-397HR.jpg
000:02:19|https://history.nasa.gov/afj/ap11fj/pics/a11-g-force.jpg|
000:02:46|https://history.nasa.gov/afj/ap11fj/pics/j-2_small.jpg|https://history.nasa.gov/afj/ap11fj/pics/j-2_big.jpg
000:29:59|https://history.nasa.gov/afj/ap11fj/pics/dark-slide.jpg|
000:45:02|https://history.nasa.gov/afj/ap11fj/pics/apollo-star-list.jpg|
001:09:22|https://history.nasa.gov/afj/ap11fj/photos/36-n/as11-36-5291-sm.jpg|https://history.nasa.gov/afj/ap11fj/photos/36-n/as11-36-5291.jpg
001:09:22|https://history.nasa.gov/afj/ap11fj/photos/36-n/as11-36-5292-sm.jpg|https://history.nasa.gov/afj/ap11fj/photos/36-n/as11-36-5292.jpg
001:25:10|https://www.lpi.usra.edu/resources/apollo/images/browse/AS11/36/5293.jpg|https://www.lpi.usra.edu/resources/apollo/images/print/AS11/36/5293.jpg
001:25:15|https://www.lpi.usra.edu/resources/apollo/images/browse/AS11/36/5294.jpg|https://www.lpi.usra.edu/resources/apollo/images/print/AS11/36/5294.jpg
001:25:15|https://www.lpi.usra.edu/resources/apollo/images/browse/AS11/36/5295.jpg|https://www.lpi.usra.edu/resources/apollo/images/print/AS11/36/5295.jpg
001:25:15|https://www.lpi.usra.edu/resources/apollo/images/browse/AS11/36/5296.jpg|https://www.lpi.usra.edu/resources/apollo/images/print/AS11/36/5296.jpg
001:25:15|https://www.lpi.usra.edu/resources/apollo/images/browse/AS11/36/5297.jpg|https://www.lpi.usra.edu/resources/apollo/images/print/AS11/36/5297.jpg
001:25:15|https://www.lpi.usra.edu/resources/apollo/images/browse/AS11/36/5298.jpg|https://www.lpi.usra.edu/resources/apollo/images/print/AS11/36/5298.jpg
001:25:15|https://www.lpi.usra.edu/resources/apollo/images/browse/AS11/36/5299.jpg|https://www.lpi.usra.edu/resources/apollo/images/print/AS11/36/5299.jpg
001:25:15|https://www.lpi.usra.edu/resources/apollo/images/browse/AS11/36/5300.jpg|https://www.lpi.usra.edu/resources/apollo/images/print/AS11/36/5300.jpg
001:25:15|https://www.lpi.usra.edu/resources/apollo/images/browse/AS11/36/5301.jpg|https://www.lpi.usra.edu/resources/apollo/images/print/AS11/36/5301.jpg
001:37:31|https://history.nasa.gov/afj/ap11fj/pics/p30.jpg|
001:37:31||
001:37:31|https://history.nasa.gov/afj/ap11fj/pics/gdcbackup.jpg|
001:37:31|https://history.nasa.gov/afj/ap11fj/pics/p37.jpg|
001:46:25|https://history.nasa.gov/afj/ap11fj/pics/tli.jpg|
003:21:32|https://www.lpi.usra.edu/resources/apollo/images/browse/AS11/36/5310.jpg|https://www.lpi.usra.edu/resources/apollo/images/print/AS11/36/5310.jpg
003:21:32|https://www.lpi.usra.edu/resources/apollo/images/browse/AS11/36/5311.jpg|https://www.lpi.usra.edu/resources/apollo/images/print/AS11/36/5311.jpg
003:21:32|https://www.lpi.usra.edu/resources/apollo/images/browse/AS11/36/5312.jpg|https://www.lpi.usra.edu/resources/apollo/images/print/AS11/36/5312.jpg
003:21:32|https://www.lpi.usra.edu/resources/apollo/images/browse/AS11/36/5313.jpg|https://www.lpi.usra.edu/resources/apollo/images/print/AS11/36/5313.jpg
003:21:32|https://www.lpi.usra.edu/resources/apollo/images/browse/AS11/36/5314.jpg|https://www.lpi.usra.edu/resources/apollo/images/print/AS11/36/5314.jpg
003:21:32|https://www.lpi.usra.edu/resources/apollo/images/browse/AS11/36/5315.jpg|https://www.lpi.usra.edu/resources/apollo/images/print/AS11/36/5315.jpg
003:21:32|https://www.lpi.usra.edu/resources/apollo/images/browse/AS11/36/5316.jpg|https://www.lpi.usra.edu/resources/apollo/images/print/AS11/36/5316.jpg
003:33:39|https://www.lpi.usra.edu/resources/apollo/images/browse/AS11/36/5317.jpg|https://www.lpi.usra.edu/resources/apollo/images/print/AS11/36/5317.jpg
003:33:39|https://www.lpi.usra.edu/resources/apollo/images/browse/AS11/36/5318.jpg|https://www.lpi.usra.edu/resources/apollo/images/print/AS11/36/5318.jpg
003:33:39|https://www.lpi.usra.edu/resources/apollo/images/browse/AS11/36/5319.jpg|https://www.lpi.usra.edu/resources/apollo/images/print/AS11/36/5319.jpg
003:33:39|https://www.lpi.usra.edu/resources/apollo/images/browse/AS11/36/5320.jpg|https://www.lpi.usra.edu/resources/apollo/images/print/AS11/36/5320.jpg
003:33:39|https://www.lpi.usra.edu/resources/apollo/images/browse/AS11/36/5321.jpg|https://www.lpi.usra.edu/resources/apollo/images/print/AS11/36/5321.jpg
003:33:39|https://www.lpi.usra.edu/resources/apollo/images/browse/AS11/36/5322.jpg|https://www.lpi.usra.edu/resources/apollo/images/print/AS11/36/5322.jpg
003:33:39|https://www.lpi.usra.edu/resources/apollo/images/browse/AS11/36/5323.jpg|https://www.lpi.usra.edu/resources/apollo/images/print/AS11/36/5323.jpg
003:33:39|https://www.lpi.usra.edu/resources/apollo/images/browse/AS11/36/5324.jpg|https://www.lpi.usra.edu/resources/apollo/images/print/AS11/36/5324.jpg
003:53:27|https://www.lpi.usra.edu/resources/apollo/images/browse/AS11/36/5325.jpg|https://www.lpi.usra.edu/resources/apollo/images/print/AS11/36/5325.jpg
003:53:27|https://www.lpi.usra.edu/resources/apollo/images/browse/AS11/36/5326.jpg|https://www.lpi.usra.edu/resources/apollo/images/print/AS11/36/5326.jpg
006:09:42|https://history.nasa.gov/afj/ap11fj/pics/p23.jpg|
006:21:56|https://history.nasa.gov/afj/ap11fj/pics/gimbal-lock1.jpg|
006:21:56|https://history.nasa.gov/afj/ap11fj/pics/gimbal-lock2.jpg|
006:21:56|https://history.nasa.gov/afj/ap11fj/pics/fdai.jpg|
008:09:03|https://history.nasa.gov/afj/ap11fj/pics/p23-query1.jpg|
008:09:03|https://history.nasa.gov/afj/ap11fj/pics/p23-query2.jpg|
008:09:03|https://history.nasa.gov/afj/ap11fj/pics/p23-query2.jpg|
009:42:19|https://history.nasa.gov/afj/ap11fj/pics/minimp.jpg|
009:42:19|https://www.lpi.usra.edu/resources/apollo/images/browse/AS11/36/5330.jpg|https://www.lpi.usra.edu/resources/apollo/images/print/AS11/36/5330.jpg
009:42:19|https://www.lpi.usra.edu/resources/apollo/images/browse/AS11/36/5331.jpg|https://www.lpi.usra.edu/resources/apollo/images/print/AS11/36/5331.jpg
009:42:19|https://www.lpi.usra.edu/resources/apollo/images/browse/AS11/36/5332.jpg|https://www.lpi.usra.edu/resources/apollo/images/print/AS11/36/5332.jpg
009:42:19|https://www.lpi.usra.edu/resources/apollo/images/browse/AS11/36/5333.jpg|https://www.lpi.usra.edu/resources/apollo/images/print/AS11/36/5333.jpg
009:53:19|https://www.lpi.usra.edu/resources/apollo/images/browse/AS11/36/5334.jpg|https://www.lpi.usra.edu/resources/apollo/images/print/AS11/36/5334.jpg
009:53:19|https://www.lpi.usra.edu/resources/apollo/images/browse/AS11/36/5335.jpg|https://www.lpi.usra.edu/resources/apollo/images/print/AS11/36/5335.jpg
009:53:19|https://www.lpi.usra.edu/resources/apollo/images/browse/AS11/36/5336.jpg|https://www.lpi.usra.edu/resources/apollo/images/print/AS11/36/5336.jpg
009:53:19|https://www.lpi.usra.edu/resources/apollo/images/browse/AS11/36/5337.jpg|https://www.lpi.usra.edu/resources/apollo/images/print/AS11/36/5337.jpg
009:53:19|https://www.lpi.usra.edu/resources/apollo/images/browse/AS11/36/5338.jpg|https://www.lpi.usra.edu/resources/apollo/images/print/AS11/36/5338.jpg
009:53:19|https://www.lpi.usra.edu/resources/apollo/images/browse/AS11/36/5339.jpg|https://www.lpi.usra.edu/resources/apollo/images/print/AS11/36/5339.jpg
009:53:19|https://www.lpi.usra.edu/resources/apollo/images/browse/AS11/36/5340.jpg|https://www.lpi.usra.edu/resources/apollo/images/print/AS11/36/5340.jpg
011:01:01|https://history.nasa.gov/afj/ap11fj/pics/p37.jpg|
011:47:00|https://www.lpi.usra.edu/resources/apollo/images/browse/AS11/36/5341.jpg|https://www.lpi.usra.edu/resources/apollo/images/print/AS11/36/5341.jpg
011:47:00|https://www.lpi.usra.edu/resources/apollo/images/browse/AS11/36/5342.jpg|https://www.lpi.usra.edu/resources/apollo/images/print/AS11/36/5342.jpg
011:47:00|https://www.lpi.usra.edu/resources/apollo/images/browse/AS11/36/5343.jpg|https://www.lpi.usra.edu/resources/apollo/images/print/AS11/36/5343.jpg
011:47:00|https://www.lpi.usra.edu/resources/apollo/images/browse/AS11/36/5344.jpg|https://www.lpi.usra.edu/resources/apollo/images/print/AS11/36/5344.jpg
011:47:00|https://www.lpi.usra.edu/resources/apollo/images/browse/AS11/36/5345.jpg|https://www.lpi.usra.edu/resources/apollo/images/print/AS11/36/5345.jpg
011:47:00|https://www.lpi.usra.edu/resources/apollo/images/browse/AS11/36/5346.jpg|https://www.lpi.usra.edu/resources/apollo/images/print/AS11/36/5346.jpg
011:47:00|https://www.lpi.usra.edu/resources/apollo/images/browse/AS11/36/5347.jpg|https://www.lpi.usra.edu/resources/apollo/images/print/AS11/36/5347.jpg
011:47:00|https://www.lpi.usra.edu/resources/apollo/images/browse/AS11/36/5348.jpg|https://www.lpi.usra.edu/resources/apollo/images/print/AS11/36/5348.jpg
012:52:00|https://www.lpi.usra.edu/resources/apollo/images/browse/AS11/36/5349.jpg|https://www.lpi.usra.edu/resources/apollo/images/print/AS11/36/5349.jpg
012:52:00|https://www.lpi.usra.edu/resources/apollo/images/browse/AS11/36/5350.jpg|https://www.lpi.usra.edu/resources/apollo/images/print/AS11/36/5350.jpg
012:52:00|https://www.lpi.usra.edu/resources/apollo/images/browse/AS11/36/5351.jpg|https://www.lpi.usra.edu/resources/apollo/images/print/AS11/36/5351.jpg
023:18:40|https://www.lpi.usra.edu/resources/apollo/images/browse/AS11/36/5352.jpg|https://www.lpi.usra.edu/resources/apollo/images/print/AS11/36/5352.jpg
023:18:40|https://www.lpi.usra.edu/resources/apollo/images/browse/AS11/36/5353.jpg|https://www.lpi.usra.edu/resources/apollo/images/print/AS11/36/5353.jpg
023:18:40|https://www.lpi.usra.edu/resources/apollo/images/browse/AS11/36/5354.jpg|https://www.lpi.usra.edu/resources/apollo/images/print/AS11/36/5354.jpg
023:18:40|https://www.lpi.usra.edu/resources/apollo/images/browse/AS11/36/5355.jpg|https://www.lpi.usra.edu/resources/apollo/images/print/AS11/36/5355.jpg
024:04:25|https://history.nasa.gov/afj/ap11fj/pics/near-far.jpg|
027:07:42|https://www.lpi.usra.edu/resources/apollo/images/browse/AS11/36/5356.jpg|https://www.lpi.usra.edu/resources/apollo/images/print/AS11/36/5356.jpg
027:07:42|https://www.lpi.usra.edu/resources/apollo/images/browse/AS11/36/5357.jpg|https://www.lpi.usra.edu/resources/apollo/images/print/AS11/36/5357.jpg
028:42:31|https://www.lpi.usra.edu/resources/apollo/images/browse/AS11/36/5358.jpg|https://www.lpi.usra.edu/resources/apollo/images/print/AS11/36/5358.jpg
028:42:31|https://www.lpi.usra.edu/resources/apollo/images/browse/AS11/36/5359.jpg|https://www.lpi.usra.edu/resources/apollo/images/print/AS11/36/5359.jpg
028:42:31|https://www.lpi.usra.edu/resources/apollo/images/browse/AS11/36/5360.jpg|https://www.lpi.usra.edu/resources/apollo/images/print/AS11/36/5360.jpg
028:42:31|https://www.lpi.usra.edu/resources/apollo/images/browse/AS11/36/5361.jpg|https://www.lpi.usra.edu/resources/apollo/images/print/AS11/36/5361.jpg
029:40:00|https://www.lpi.usra.edu/resources/apollo/images/browse/AS11/36/5362.jpg|https://www.lpi.usra.edu/resources/apollo/images/print/AS11/36/5362.jpg
031:05:26|https://www.lpi.usra.edu/resources/apollo/images/browse/AS11/36/5363.jpg|https://www.lpi.usra.edu/resources/apollo/images/print/AS11/36/5363.jpg
031:05:26|https://www.lpi.usra.edu/resources/apollo/images/browse/AS11/36/5364.jpg|https://www.lpi.usra.edu/resources/apollo/images/print/AS11/36/5364.jpg
031:05:26|https://www.lpi.usra.edu/resources/apollo/images/browse/AS11/36/5365.jpg|https://www.lpi.usra.edu/resources/apollo/images/print/AS11/36/5365.jpg
031:05:26|https://www.lpi.usra.edu/resources/apollo/images/browse/AS11/36/5368.jpg|https://www.lpi.usra.edu/resources/apollo/images/print/AS11/36/5368.jpg
032:43:23|https://www.lpi.usra.edu/resources/apollo/images/browse/AS11/36/5369.jpg|https://www.lpi.usra.edu/resources/apollo/images/print/AS11/36/5369.jpg
032:43:23|https://www.lpi.usra.edu/resources/apollo/images/browse/AS11/36/5370.jpg|https://www.lpi.usra.edu/resources/apollo/images/print/AS11/36/5370.jpg
032:43:23|https://www.lpi.usra.edu/resources/apollo/images/browse/AS11/36/5371.jpg|https://www.lpi.usra.edu/resources/apollo/images/print/AS11/36/5371.jpg
032:54:02|https://www.lpi.usra.edu/resources/apollo/images/browse/AS11/36/5372.jpg|https://www.lpi.usra.edu/resources/apollo/images/print/AS11/36/5372.jpg
032:54:02|https://www.lpi.usra.edu/resources/apollo/images/browse/AS11/36/5373.jpg|https://www.lpi.usra.edu/resources/apollo/images/print/AS11/36/5373.jpg
034:16:35|https://history.nasa.gov/afj/ap11fj/pics/tv-0341630.jpg|
034:46:00|https://www.lpi.usra.edu/resources/apollo/images/browse/AS11/36/5374.jpg|https://www.lpi.usra.edu/resources/apollo/images/print/AS11/36/5374.jpg
036:27:00|https://www.lpi.usra.edu/resources/apollo/images/browse/AS11/36/5375.jpg|https://www.lpi.usra.edu/resources/apollo/images/print/AS11/36/5375.jpg
